{"count":1,"self":1001.6081919999999,"total":1017.4341134,"children":{"InitializeActuators":{"count":4,"self":0.00099969999999999985,"total":0.00099969999999999985,"children":null},"InitializeSensors":{"count":4,"self":0.0015264999999999999,"total":0.0015264999999999999,"children":null},"AgentSendState":{"count":20568,"self":8.1227464,"total":15.217397799999999,"children":{"CollectObservations":{"count":2687,"self":0.0325333,"total":0.0325333,"children":null},"WriteActionMask":{"count":2687,"self":0.0166036,"total":0.0166036,"children":null},"RequestDecision":{"count":2687,"self":0.047563299999999996,"total":7.0455141999999995,"children":{"CameraSensor.GetCompressedObservation":{"count":2687,"self":6.9979511999999993,"total":6.9979508999999993,"children":null}}}}},"DecideAction":{"count":20568,"self":0.4967318,"total":0.4967318,"children":null},"AgentAct":{"count":20568,"self":0.1083055,"total":0.1083055,"children":null}},"gauges":{},"metadata":{"timer_format_version":"0.1.0","start_time_seconds":"1716866276","unity_version":"2023.1.0b18","command_line_arguments":"C:\\Program Files\\Unity\\Hub\\Editor\\2023.1.0b18\\Editor\\Unity.exe -projectpath H:\\Git\\u3\\unity -useHub -hubIPC -cloudEnvironment production","communication_protocol_version":"1.5.0","com.unity.ml-agents_version":"3.0.0-exp.1","scene_name":"XLand","end_time_seconds":"1716867293"}}