{"count":1,"self":286.9929984,"total":661.35300869999992,"children":{"InitializeActuators":{"count":1,"self":0.0032860999999999997,"total":0.0032860999999999997,"children":null},"InitializeSensors":{"count":1,"self":0.0119904,"total":0.0119904,"children":null},"AgentSendState":{"count":1940,"self":7.1319247999999993,"total":14.6051015,"children":{"CollectObservations":{"count":1938,"self":0.021202699999999998,"total":0.021202699999999998,"children":null},"WriteActionMask":{"count":1938,"self":0.014023599999999999,"total":0.014023599999999999,"children":null},"RequestDecision":{"count":1938,"self":0.2903728,"total":7.4379500999999992,"children":{"AgentInfo.ToProto":{"count":1938,"self":0.027306399999999998,"total":7.1475773,"children":{"GenerateSensorData":{"count":1938,"self":0.3449364,"total":7.1202708999999995,"children":{"CameraSensor.GetCompressedObservation":{"count":1938,"self":6.7753343999999993,"total":6.7753345,"children":null}}}}}}}}},"DecideAction":{"count":1940,"self":359.659904,"total":359.659908,"children":null},"AgentAct":{"count":1940,"self":0.0787225,"total":0.0787225,"children":null}},"gauges":{},"metadata":{"timer_format_version":"0.1.0","start_time_seconds":"1716835861","unity_version":"2023.1.0b18","command_line_arguments":"C:\\Program Files\\Unity\\Hub\\Editor\\2023.1.0b18\\Editor\\Unity.exe -projectpath H:\\Git\\u3\\unity -useHub -hubIPC -cloudEnvironment production","communication_protocol_version":"1.5.0","com.unity.ml-agents_version":"3.0.0-exp.1","scene_name":"XLand","end_time_seconds":"1716836522"}}