{"count":1,"self":1.1898149999999998,"total":1.9582629999999999,"children":{"InitializeActuators":{"count":1,"self":0.0013729999999999999,"total":0.0013729999999999999,"children":null},"InitializeSensors":{"count":1,"self":0.000641,"total":0.000641,"children":null},"AgentSendState":{"count":3,"self":0.72167799999999993,"total":0.727379,"children":{"CollectObservations":{"count":2,"self":6.8E-05,"total":6.8E-05,"children":null},"WriteActionMask":{"count":2,"self":0.00029499999999999996,"total":0.00029499999999999996,"children":null},"RequestDecision":{"count":2,"self":0.0013759999999999998,"total":0.005338,"children":{"AgentInfo.ToProto":{"count":2,"self":0.000647,"total":0.003962,"children":{"GenerateSensorData":{"count":2,"self":0.002506,"total":0.003315,"children":{"CameraSensor.GetCompressedObservation":{"count":2,"self":0.00080899999999999993,"total":0.00080899999999999993,"children":null}}}}}}}}},"DecideAction":{"count":3,"self":0.037089,"total":0.037089,"children":null},"AgentAct":{"count":3,"self":0.0012109999999999998,"total":0.0012109999999999998,"children":null}},"gauges":{},"metadata":{"timer_format_version":"0.1.0","start_time_seconds":"1717677088","unity_version":"2023.1.0b18","command_line_arguments":"\/network\/scratch\/c\/connor.brennan\/u3\/unity\/Builds\/LinuxTraining\/XLand.x86_64 --mlagents-port 5007","communication_protocol_version":"1.5.0","com.unity.ml-agents_version":"3.0.0-exp.1","scene_name":"XLand","end_time_seconds":"1717677090"}}