{"count":1,"self":403.73230079999996,"total":4383.7200392999994,"children":{"InitializeActuators":{"count":1,"self":0.0019997,"total":0.0019997,"children":null},"InitializeSensors":{"count":1,"self":0.0019997,"total":0.0019997,"children":null},"AgentSendState":{"count":212337,"self":110.5414656,"total":170.4216569,"children":{"CollectObservations":{"count":107264,"self":2.3261616,"total":2.3261615,"children":null},"WriteActionMask":{"count":107264,"self":2.1204004,"total":2.1204004999999997,"children":null},"RequestDecision":{"count":107264,"self":6.0310692,"total":55.4336256,"children":{"AgentInfo.ToProto":{"count":107264,"self":5.3968148,"total":49.402556399999995,"children":{"GenerateSensorData":{"count":107264,"self":8.3631903999999988,"total":44.0057417,"children":{"CameraSensor.GetCompressedObservation":{"count":107264,"self":35.6425504,"total":35.642551499999996,"children":null}}}}}}}}},"DecideAction":{"count":212337,"self":3790.6845696,"total":3790.6847006999997,"children":null},"AgentAct":{"count":212337,"self":17.900631999999998,"total":18.8753858,"children":{"AgentInfo.ToProto":{"count":2189,"self":0.1072588,"total":0.9747539,"children":{"GenerateSensorData":{"count":2189,"self":0.16435139999999998,"total":0.8674951,"children":{"CameraSensor.GetCompressedObservation":{"count":2189,"self":0.70314369999999993,"total":0.70314369999999993,"children":null}}}}}}}},"gauges":{"My Behavior.CumulativeReward":{"count":2189,"max":141,"min":0,"runningAverage":0.6687981,"value":0,"weightedAverage":0.00338644581}},"metadata":{"timer_format_version":"0.1.0","start_time_seconds":"1717316878","unity_version":"2023.1.0b18","command_line_arguments":"E:\\git\\u3_new\\unity\/Builds\/WindowsTraining\/unitylearning2.exe --mlagents-port 5005","communication_protocol_version":"1.5.0","com.unity.ml-agents_version":"3.0.0-exp.1","scene_name":"XLand","end_time_seconds":"1717321261"}}